{"cameraMode":{"drawMode":0,"name":"Shaded","section":"Shading Mode"},"sceneLighting":true,"audioPlay":false,"sceneViewState":{"showFog":true,"showMaterialUpdate":false,"showSkybox":true,"showFlares":true,"showImageEffects":true,"showParticleSystems":true,"showVisualEffectGraphs":true,"m_FxEnabled":true},"in2DMode":false,"pivot":{"x":-0.5168704986572266,"y":0.4849386215209961,"z":0.27010679244995119},"rotation":{"x":-0.07392480224370957,"y":0.8975581526756287,"z":-0.16500680148601533,"w":-0.4021163582801819},"size":9.211008071899414,"orthographic":false}